Last Updated,08:57PM 23 March 2020,,,
url,title,source,date,time
https://7news.com.au/lifestyle/health-wellbeing/coronavirus-byron-bay-tourists-ignore-social-distancing-rules-to-watch-sunset-c-758814,Coronavirus: Byron Bay tourists ignore social distancing rules to watch sunset,https://7news.com.au/rss/,23 March 2020,08:48PM
https://www.theguardian.com/business/live/2020/mar/23/markets-slump-us-senate-covid-19-ftse-dax-shares-recession-stimulus-business-live,Markets slump as US Senate deadlocked over Covid-19 stimulus - business live,https://www.theguardian.com/au/rss/,23 March 2020,08:41PM
https://www.theguardian.com/world/live/2020/mar/23/australia-coronavirus-updates-live-pubs-closed-but-schools-open-after-national-cabinet-meeting-latest,"Coronavirus live updates Australia: Stock market falls 5.6%, NRL suspends 2020 season – latest",https://www.theguardian.com/au/rss/,23 March 2020,08:41PM
https://www.theguardian.com/world/live/2020/mar/23/coronavirus-live-updates-uk-us-italy-germany-europe-outbreak-cases-meetings-bans-update-latest-news,Coronavirus news: New Zealand announces lockdown; Hong Kong bars entry to all non-residents - live updates,https://www.theguardian.com/au/rss/,23 March 2020,08:36PM
https://7news.com.au/lifestyle/health-wellbeing/italian-doctor-issues-warning-to-the-rest-of-the-world-amid-coronavirus-pandemic-c-758743,Italian doctor issues warning to the rest of the world amid coronavirus pandemic,https://7news.com.au/rss/,23 March 2020,08:21PM
https://www.9news.com.au/national/coronavirus-shoppers-panic-buying-gaming-consoles-nintendo-switch-playstation-4-call-of-duty-crisis/41518b64-74d4-468a-9bc5-bf66cc5e87ac,Shoppers panic buy gaming consoles in fear of 'boredom crisis',https://www.9news.com.au/rss/,23 March 2020,08:19PM
https://7news.com.au/lifestyle/health-wellbeing/treasurer-reveals-when-youll-receive-your-coronavirus-stimulus-payments-c-758809,Treasurer reveals when you’ll receive your coronavirus stimulus payments,https://7news.com.au/rss/,23 March 2020,08:14PM
https://www.theguardian.com/football/2020/mar/23/marco-asensio-wins-fifa-tournament-for-real-madrid-coronavirus-la-liga-video-game,"Marco Asensio wins Fifa tournament for Real Madrid, watched by 170,000 fans",https://www.theguardian.com/au/rss/,23 March 2020,08:13PM
https://www.theguardian.com/world/2020/mar/23/fit-healthy-36-year-old-uk-nurse-intensive-care-coronavirus,'Fit and healthy' 36-year-old UK nurse in intensive care with coronavirus,https://www.theguardian.com/au/rss/,23 March 2020,08:09PM
https://www.theguardian.com/film/2020/mar/23/what-will-happen-to-the-films-delayed-by-coronavirus,Heaven can wait: what will happen to the films delayed by coronavirus?,https://www.theguardian.com/au/rss/,23 March 2020,08:00PM
https://www.theguardian.com/commentisfree/2020/mar/23/covid-19-activists-helping-elderly-vulnerable-people-political,The fight against Covid-19 is being waged street by street | Zoe Williams,https://www.theguardian.com/au/rss/,23 March 2020,08:00PM
https://7news.com.au/politics/law-and-order/pandemic-prompts-more-vic-court-delays-c-758808,Pandemic prompts more Vic court delays,https://7news.com.au/rss/,23 March 2020,07:56PM
https://www.9news.com.au/national/coronavirus-australia-live-updates-nsw-vic-act-lockdown-school-closure-status/2deddcba-5b9e-483e-84e3-109a852989bc,People 'in tears' turned away from Centrelink,https://www.9news.com.au/rss/,23 March 2020,07:52PM
https://www.abc.net.au/news/2020-03-23/colombian-prison-riots-over-coronavirus-fears-leave-23-dead/12081836,Colombian prison violence inmates say was sparked by coronavirus fears leaves 23 dead,Newson1ine@abc.net.au (ABC News),23 March 2020,07:48PM
https://www.abc.net.au/news/2020-03-23/claremont-serial-killings-trial-cut-short-coronavirus-measures/12081950,Claremont serial killings trial cut short as court adopts coronavirus precautions,Newson1ine@abc.net.au (ABC News),23 March 2020,07:47PM
https://www.9news.com.au/national/coronavirus-jobs-lost-nrl-suspended-tokyo-olympics-under-threat-australians-stranded-on-cruise-ships-borders-closed/5e217428-46b4-4ea9-ab94-b3d9903da7ef,'You'd think I was making it up': How one day changed Australia,https://www.9news.com.au/rss/,23 March 2020,07:41PM
https://www.theguardian.com/world/2020/mar/23/australians-onboard-costa-lumiosa-cruise-feel-kidnapped-after-being-forced-to-isolate-in-italy,Australians onboard Costa Luminosa cruise feel 'kidnapped' after being forced to isolate in Italy,https://www.theguardian.com/au/rss/,23 March 2020,07:41PM
https://www.theguardian.com/us-news/2020/mar/23/pompeo-arrives-in-kabul-despite-us-advice-against-international-travel-coronavirus,Pompeo arrives in Kabul to try to revive flagging Afghan peace talks,https://www.theguardian.com/au/rss/,23 March 2020,07:33PM
https://www.abc.net.au/news/2020-03-23/coronavirus-shutdowns-force-thousands-onto-centrelink/12082468,The coronavirus crisis becomes real for thousands as jobs evaporate overnight,Newson1ine@abc.net.au (ABC News),23 March 2020,07:33PM
https://7news.com.au/sport/netball/super-netball-joins-sport-postponements-c-758566,Super Netball joins sport postponements,https://7news.com.au/rss/,23 March 2020,07:31PM
https://www.abc.net.au/news/2020-03-23/coronavirus-and-church-no-pews-no-problems/12082352,No pews? No problems: Churches go virtual in the age of COVID-19,Newson1ine@abc.net.au (ABC News),23 March 2020,07:24PM
https://www.theguardian.com/world/2020/mar/23/harvey-weinstein-tests-positive-for-coronavirus,Harvey Weinstein tests positive for coronavirus,https://www.theguardian.com/au/rss/,23 March 2020,07:20PM
https://www.theguardian.com/world/2020/mar/23/am-i-eligible-for-centrelink-payments-how-to-apply-for-the-coronavirus-supplement,Am I eligible for Centrelink payments? How to apply for the coronavirus supplement,https://www.theguardian.com/au/rss/,23 March 2020,07:20PM
https://www.abc.net.au/news/2020-03-23/harvey-weinstein-tests-positive-for-coronavirus-in-prison/12082324,Harvey Weinstein tests positive for coronavirus in prison,Newson1ine@abc.net.au (ABC News),23 March 2020,07:17PM
https://www.theguardian.com/business/2020/mar/23/virgin-australia-qantas-accc-investigate-campaign-competition,Virgin Australia asks competition watchdog to investigate Qantas 'campaign' against it,https://www.theguardian.com/au/rss/,23 March 2020,07:11PM
https://7news.com.au/travel/coronavirus/the-university-of-wa-confirms-a-student-has-tested-positive-for-coronavirus-c-758740,The University of WA confirms a student has tested positive for coronavirus,https://7news.com.au/rss/,23 March 2020,07:05PM
https://www.abc.net.au/news/2020-03-23/coronavirus-pub-closures-devastate-drought-fire-affected-towns/12081050,"Drought, bushfires merely a 'warm-up' for towns now faced with coronavirus shutdown",Newson1ine@abc.net.au (ABC News),23 March 2020,06:49PM
https://www.theguardian.com/sport/2020/mar/23/nrl-australia-sport-coronavirus,NRL plunged into 'financial crisis' as season is suspended in response to Covid-19,https://www.theguardian.com/au/rss/,23 March 2020,06:47PM
https://www.abc.net.au/news/2020-03-23/brewers-warn-beer-supply-could-dry-up-coronavirus-shutdowns/12081976,Brewers warn beer supply could dry up within weeks if coronavirus restrictions halt production,Newson1ine@abc.net.au (ABC News),23 March 2020,06:42PM
https://7news.com.au/lifestyle/health-wellbeing/hollywood-legend-tom-hanks-calls-for-people-to-make-sacrifices-to-beat-coronavirus-c-758669,Hollywood legend Tom Hanks calls for people to make sacrifices to beat coronavirus,https://7news.com.au/rss/,23 March 2020,06:41PM
https://www.abc.net.au/news/2020-03-23/coronavirus-shutdown-hits-darwin-restaurants-gyms-covid-19/12081956,Darwin traders determined to tough out coronavirus storm,Newson1ine@abc.net.au (ABC News),23 March 2020,06:37PM
https://www.theguardian.com/world/gallery/2020/mar/23/coronavirus-us-cities-quarantine-in-pictures,"US cities in coronavirus quarantine, seen from above – in pictures",https://www.theguardian.com/au/rss/,23 March 2020,06:29PM
https://www.abc.net.au/news/2020-03-23/australians-plead-to-be-evacuated-from-peru-coronavirus-lockdown/12080966,Australians plead to be evacuated from Peru's coronavirus lockdown,Newson1ine@abc.net.au (ABC News),23 March 2020,06:27PM
https://www.9news.com.au/national/coronavirus-victoria-cinemas-country-struggle-to-survive-after-shutdown/74f416d7-ef97-4db7-831f-d98f6d66c356,Bushfires and COVID-19 mean year of woe for country cinema,https://www.9news.com.au/rss/,23 March 2020,06:23PM
https://7news.com.au/sport/afl/lions-veteran-slams-crowdless-afl-games-c-758710,Lions veteran slams crowdless AFL games,https://7news.com.au/rss/,23 March 2020,06:22PM
https://www.theguardian.com/world/2020/mar/23/hospitals-likened-to-war-zones-as-doctors-prepare-to-make-grim-decisions,NHS hospitals likened to war zones as doctors prepare to make grim decisions,https://www.theguardian.com/au/rss/,23 March 2020,06:16PM
https://www.abc.net.au/news/2020-03-23/nrl-announces-suspension-of-2020-season-due-to-coronavirus/12082158,NRL announces suspension of 2020 season due to coronavirus pandemic,Newson1ine@abc.net.au (ABC News),23 March 2020,06:16PM
https://7news.com.au/politics/govt-sets-extra-40b-aside-for-virus-fight-c-758633,Govt sets extra $40b aside for virus fight,https://7news.com.au/rss/,23 March 2020,06:12PM
https://7news.com.au/lifestyle/health-wellbeing/coronavirus-quarantine-rules-in-sa-could-land-you-in-prison-c-758642,Coronavirus quarantine rules in SA could land you in prison,https://7news.com.au/rss/,23 March 2020,06:10PM
https://www.theguardian.com/world/2020/mar/23/a-warning-to-europe-italy-struggle-to-convince-citizens-of-coronavirus-crisis,Italy struggled to convince citizens of coronavirus crisis. What can Europe learn?,https://www.theguardian.com/au/rss/,23 March 2020,06:10PM
https://7news.com.au/lifestyle/health-wellbeing/countdown-to-wa-lockdown-as-cases-surge-c-757333,Cruise ship off WA coast denies anyone onboard is infected with coronavirus,https://7news.com.au/rss/,23 March 2020,06:00PM
https://www.abc.net.au/news/2020-03-23/malaria-drugs-labelled-early-coronavirus-covid19-cures-treatment/12081306,Donald Trump touted a drug as a coronavirus 'game changer' — and it triggered a pharmacy rush,Newson1ine@abc.net.au (ABC News),23 March 2020,05:59PM
https://7news.com.au/politics/virus-turns-question-time-into-answer-time-c-758667,Virus turns question time into answer time,https://7news.com.au/rss/,23 March 2020,05:58PM
https://www.theguardian.com/commentisfree/2020/mar/23/the-country-is-being-run-by-a-marketing-manager-who-cant-get-the-message-out-dont-go-out,The country is being run by a marketing manager who can’t get the message out: DON’T GO OUT! | First Dog on the Moon,https://www.theguardian.com/au/rss/,23 March 2020,05:56PM
https://www.abc.net.au/news/2020-03-23/coronavirus-shut-down-has-sa-town-of-robe-worried/12081570,Seaside town of Robe advises against grey nomads coming to self-isolate from coronavirus,Newson1ine@abc.net.au (ABC News),23 March 2020,05:49PM
https://7news.com.au/lifestyle/health-wellbeing/sales-of-alcohol-in-wa-could-be-limited-to-avoid-panic-buying-c-758618,Sales of alcohol in WA could be limited to avoid panic buying,https://7news.com.au/rss/,23 March 2020,05:48PM
https://7news.com.au/sport/rugby-league/nrl-suspend-season-due-to-covid-19-c-758656,NRL suspend season due to COVID-19,https://7news.com.au/rss/,23 March 2020,05:46PM
https://www.abc.net.au/news/2020-03-23/coronavirus-myths-from-around-the-world-busted-by-experts/12054310,Can heat kill coronavirus? What about drinking alcohol? Here's the experts' take on COVID-19 'cures',Newson1ine@abc.net.au (ABC News),23 March 2020,05:41PM
https://www.abc.net.au/news/2020-03-23/why-is-indonesia-coronavirus-death-rate-highest-in-world/12079040,Why is Indonesia's coronavirus death rate the highest in the world?,Newson1ine@abc.net.au (ABC News),23 March 2020,05:32PM
https://7news.com.au/politics/govt-playing-cruise-ship-blame-game-labor-c-758627,Govt playing cruise ship blame game: Labor,https://7news.com.au/rss/,23 March 2020,05:25PM
https://www.abc.net.au/news/2020-03-23/coronavirus-claims-aflw-season-equal-women/12080460,One team was the biggest loser of the early demise of the AFLW,Newson1ine@abc.net.au (ABC News),23 March 2020,05:20PM
https://7news.com.au/lifestyle/health-wellbeing/hand-sanitiser-factory-in-melbourne-working-overtime-to-meet-coronavirus-demand-c-758594,Hand sanitiser factory in Melbourne working overtime to meet coronavirus demand,https://7news.com.au/rss/,23 March 2020,05:13PM
https://www.abc.net.au/news/2020-03-23/centrelink-payments-for-coronavirus-too-long-to-wait/12080952,'We've always said $40 a day was not enough': Coronavirus crisis exposes Centrelink,Newson1ine@abc.net.au (ABC News),23 March 2020,05:13PM
https://7news.com.au/politics/labor-warns-off-plan-to-ditch-parliament-c-758604,'Absurd': parliament to shut until August,https://7news.com.au/rss/,23 March 2020,05:07PM
https://www.theguardian.com/australia-news/2020/mar/23/early-access-to-superannuation-over-coronavirus-should-be-last-resort-advocates,Early access to superannuation over coronavirus should be last resort – advocates,https://www.theguardian.com/au/rss/,23 March 2020,05:03PM
https://7news.com.au/politics/emotional-gunner-outlines-nt-virus-impact-c-758592,Emotional Gunner outlines NT virus impact,https://7news.com.au/rss/,23 March 2020,05:01PM
